size,add_sorted_set,include_sorted_set,loop_sorted_set,delete_sorted_set,add_sorted_containers,include_sorted_containers,loop_sorted_containers,delete_sorted_containers
1000000,1.2325135999359191,11.639327200129628,0.14237359995022417,1.3688056000508368,1.564646599907428,0.6316141999326647,0.044612800050526855,1.8568651999346912
2000000,3.1588088000193237,42.194053599890324,0.3135467999614775,3.3180113999173044,3.7178223999217153,1.5509135999716819,0.08306660009548068,4.205694200005382
3000000,5.286830999981612,95.30711920000613,0.47653339989483356,5.443703200109303,6.175909599941224,2.700068200007081,0.11789239989593625,6.770565199945122
4000000,7.538741199858487,153.70711900005116,0.6546002000570297,7.559051800053567,8.882256799936295,4.182955399993807,0.1547184000723064,9.676217600051313
5000000,10.20743679990992,241.74679239979014,0.8260514000430703,9.85318099996075,11.755913200229406,5.6500453999266025,0.18556239986792206,12.258404000196606
