size,init_sorted_set,init_sorted_containers
1000000,1.626862599980086,0.5701855999417603
2000000,3.699613399989903,2.0838129998184742
3000000,6.832762000150979,3.794983599986881
4000000,9.501148399990052,3.467436399962753
5000000,13.889628200046719,4.997745399922133
