size,initialize_sorted_set,add_sorted_set,include_sorted_set,loop_sorted_set,delete_sorted_set,initialize_sorted_containers,add_sorted_containers,include_sorted_containers,loop_sorted_containers,delete_sorted_containers
1000000,1.224537000246346,1.3319036000408233,11.751401599962264,0.1402883999980986,1.3348814000375568,0.4023770001716912,1.5611974000930786,0.6331466001458466,0.04364499999210238,1.8914303999394178
2000000,2.99586120005697,3.4789291999302803,43.044228199962525,0.3109924000687897,3.1296502000652255,0.9056976000778377,3.781497000064701,1.4786425999365747,0.08165540006011725,4.254382199980318
3000000,5.124303399864584,6.239440600015223,85.73076480003074,0.47364640003070235,5.336848200112581,1.5066193998791277,6.235969400033355,2.5797877999953926,0.1289702001027763,6.770450200047344
4000000,7.4429126000963155,8.575669200252742,153.32299140002578,0.6475916000083088,7.508836399950087,2.0407237999141215,8.872534200083464,3.9519795999862253,0.14986819997429848,9.702906599920244
5000000,10.792367999907583,12.09743200019002,241.63080279994756,0.8215247998945415,9.775965599901975,2.8635928000323476,11.81594120003283,5.384774999972433,0.18414179980754852,12.333123400155454
