size,add_sorted_set,include_sorted_set,loop_sorted_set,delete_sorted_set,add_sorted_containers,include_sorted_containers,loop_sorted_containers,delete_sorted_containers
1000000,1.554820999968797,1.2833110000938177,0.09176800027489662,1.4769029999151826,1.350441999733448,0.25363999977707863,0.02894899994134903,1.317619999870658
2000000,3.537397999782115,2.99283599993214,0.19226500019431114,3.3960860003717244,2.897786000277847,0.5344350002706051,0.056071000173687935,2.8261299999430776
3000000,5.6855340003967285,4.681231999769807,0.29748000018298626,6.225711999926716,4.550105999689549,0.8690530001185834,0.0854059997946024,4.565742999780923
4000000,7.780092000029981,6.583335000090301,0.3906319998204708,8.723869000095874,6.202872999943793,1.1050410000607371,0.11117599997669458,6.186546999961138
5000000,10.018141000065953,8.859457000158727,0.526653999928385,11.896155999973416,8.67450200021267,1.503161999862641,0.13894600002095103,8.176713000051677
